ID,Fase,Judul,Cerita,Hikmah,Refleksi,Sumber
1,Pra-Kenabian,Kelahiran Nabi ﷺ,Nabi Muhammad ﷺ lahir dalam keadaan yatim di Mekkah.,Allah menjaga hamba pilihan sejak awal.,Apa makna ujian sejak kecil?,Sirah Nabawiyah
2,Pra-Kenabian,Wafat ayah,Ayah Nabi ﷺ wafat sebelum beliau lahir.,Kehilangan adalah bagian dari takdir.,Bagaimana kamu menerima kehilangan?,Sirah Nabawiyah
3,Pra-Kenabian,Diasuh Halimah,Nabi ﷺ diasuh di pedalaman Bani Sa'ad.,Lingkungan membentuk karakter.,Siapa yang membentuk dirimu?,Sirah Nabawiyah
4,Pra-Kenabian,Pembelahan dada,Terjadi penyucian hati Nabi ﷺ saat kecil.,Allah mempersiapkan hamba pilihan.,Apa arti hati bersih bagimu?,Sirah Nabawiyah
5,Pra-Kenabian,Wafat ibu,Ibu Nabi ﷺ wafat saat beliau kecil.,Ujian membentuk keteguhan.,Bagaimana kamu menghadapi kehilangan?,Sirah Nabawiyah
6,Pra-Kenabian,Diasuh Abu Thalib,Nabi ﷺ dibesarkan oleh pamannya.,Perlindungan Allah selalu ada.,Siapa pelindung hidupmu?,Sirah Nabawiyah
7,Pra-Kenabian,Perjalanan Syam,Nabi ﷺ ikut berdagang ke Syam.,Kerja keras membentuk pengalaman.,Apa pengalaman kerja pertamamu?,Sirah Nabawiyah
8,Pra-Kenabian,Rahib Buhaira,Rahib mengenali tanda kenabian.,Kebenaran dikenal oleh yang berilmu.,Apakah kamu peka terhadap tanda kebaikan?,Sirah Nabawiyah
9,Pra-Kenabian,Kejujuran muda,Nabi ﷺ dikenal jujur sejak muda.,Kejujuran membangun kepercayaan.,Apakah kamu dikenal jujur?,Sirah Nabawiyah
10,Pra-Kenabian,Al-Amin,Masyarakat Mekkah memanggil Nabi Al-Amin.,Integritas adalah kehormatan.,Apa reputasimu?,Sirah Nabawiyah
11,Pra-Kenabian,Menggembala kambing,Nabi ﷺ menggembala kambing.,Kesabaran lahir dari kerja sederhana.,Apakah kamu sabar?,Sirah Nabawiyah
12,Pra-Kenabian,Perdagangan Khadijah,Nabi ﷺ berdagang untuk Khadijah.,Amanah membawa keberkahan.,Apakah kamu amanah?,Sirah Nabawiyah
13,Pra-Kenabian,Pernikahan Khadijah,Nabi ﷺ menikah dengan Khadijah RA.,Akhlak lebih berharga dari harta.,Apa yang kamu nilai penting?,Sirah Nabawiyah
14,Pra-Kenabian,Gua Hira,Nabi ﷺ menyendiri untuk merenung.,Kesunyian melahirkan kebijaksanaan.,Kapan kamu merenung?,Sirah Nabawiyah
15,Pra-Kenabian,Masyarakat jahiliyah,Mekkah penuh penyimpangan moral.,Kesadaran lahir dari kerusakan.,Apa yang ingin kamu ubah?,Sirah Nabawiyah
16,Pra-Kenabian,Perdagangan jujur,Nabi ﷺ dikenal sangat jujur.,Integritas membawa keberkahan.,Apakah kamu jujur?,Sirah Nabawiyah
17,Pra-Kenabian,Nasab Quraisy,Nabi ﷺ dari Bani Hasyim.,Nasab bukan segalanya.,Apa identitasmu?,Sirah Nabawiyah
18,Pra-Kenabian,Rendah hati,Nabi ﷺ sangat rendah hati.,Kerendahan hati adalah kekuatan.,Apakah kamu rendah hati?,Sirah Nabawiyah
19,Pra-Kenabian,Persiapan kenabian,Allah mempersiapkan Nabi ﷺ secara bertahap.,Proses sebelum amanah besar.,Apakah kamu siap diuji?,Sirah Nabawiyah
20,Pra-Kenabian,Hidup sederhana,Nabi ﷺ hidup sederhana.,Kesederhanaan membawa ketenangan.,Apa yang membuatmu tenang?,Sirah Nabawiyah
21,Awal Kenabian,Wahyu pertama,Jibril datang membawa Iqra'.,Awal perubahan datang tiba-tiba.,Apa yang ingin kamu pelajari?,Sirah Nabawiyah
22,Awal Kenabian,Ketakutan Nabi,Nabi ﷺ gemetar setelah wahyu.,Beban besar datang bersama ujian.,Bagaimana kamu menghadapi takut?,Sirah Nabawiyah
23,Awal Kenabian,Khadijah menenangkan,Khadijah menenangkan Nabi ﷺ.,Dukungan adalah kekuatan.,Siapa pendukungmu?,Sirah Nabawiyah
24,Awal Kenabian,Waraqah bin Naufal,Waraqah menjelaskan kenabian.,Ilmu memberi pemahaman.,Siapa yang membimbingmu?,Sirah Nabawiyah
25,Awal Kenabian,Dakwah sembunyi,Islam dimulai secara rahasia.,Perubahan besar dimulai kecil.,Apa langkah kecilmu?,Sirah Nabawiyah
26,Awal Kenabian,Abu Bakar masuk Islam,Abu Bakar menerima Islam.,Hati jujur menerima kebenaran.,Apakah kamu terbuka?,Sirah Nabawiyah
27,Awal Kenabian,Ali masuk Islam,Ali masuk Islam muda.,Kebenaran tidak mengenal usia.,Apa yang kamu yakini?,Sirah Nabawiyah
28,Awal Kenabian,Utsman masuk Islam,Utsman menerima dakwah Nabi.,Hidayah datang lembut.,Apakah kamu mencari kebenaran?,Sirah Nabawiyah
29,Awal Kenabian,Zubair masuk Islam,Sahabat muda pertama.,Generasi muda penting.,Apa kontribusimu?,Sirah Nabawiyah
30,Awal Kenabian,Rumah Al-Arqam,Pusat dakwah pertama.,Ilmu butuh komunitas.,Lingkunganmu bagaimana?,Sirah Nabawiyah
31,Awal Kenabian,Dakwah keluarga,Nabi ﷺ mengajak keluarga.,Perubahan dimulai dari rumah.,Apakah keluargamu mengenal nilai baikmu?,Sirah Nabawiyah
32,Awal Kenabian,Penolakan Quraisy,Dakwah ditolak Quraisy.,Kebenaran sering ditolak.,Apakah kamu kuat?,Sirah Nabawiyah
33,Awal Kenabian,Siksaan sahabat,Sahabat disiksa.,Iman diuji.,Apa yang membuatmu bertahan?,Sirah Nabawiyah
34,Awal Kenabian,Bilal disiksa,Bilal berkata Ahad.,Keteguhan melampaui rasa sakit.,Apa prinsipmu?,Sirah Nabawiyah
35,Awal Kenabian,Sumayyah syahid,Sumayyah syahid pertama.,Pengorbanan untuk iman.,Apa yang kamu perjuangkan?,Sirah Nabawiyah
36,Awal Kenabian,Islam menyebar,Islam berkembang perlahan.,Perubahan butuh waktu.,Apakah kamu sabar?,Sirah Nabawiyah
37,Awal Kenabian,Hijrah Habasyah,Sahabat hijrah ke Habasyah.,Melindungi iman penting.,Kapan harus berubah lingkungan?,Sirah Nabawiyah
38,Awal Kenabian,Najasyi melindungi,Raja melindungi Muslim.,Keadilan melampaui agama.,Apakah kamu adil?,Sirah Nabawiyah
39,Awal Kenabian,Boikot Quraisy,Muslim diboikot.,Ujian sosial berat.,Bagaimana kamu bertahan?,Sirah Nabawiyah
40,Awal Kenabian,Tahun kesedihan,Khadijah & Abu Thalib wafat.,Kehilangan besar.,Bagaimana kamu bangkit?,Sirah Nabawiyah
41,Mekkah Akhir,Peristiwa Mekkah 1,Ujian dakwah di Mekkah semakin berat.,Kesabaran adalah kunci.,Apa kesabaranmu hari ini?,Sirah Nabawiyah
42,Mekkah Akhir,Peristiwa Mekkah 2,Ujian dakwah di Mekkah semakin berat.,Kesabaran adalah kunci.,Apa kesabaranmu hari ini?,Sirah Nabawiyah
43,Mekkah Akhir,Peristiwa Mekkah 3,Ujian dakwah di Mekkah semakin berat.,Kesabaran adalah kunci.,Apa kesabaranmu hari ini?,Sirah Nabawiyah
44,Mekkah Akhir,Peristiwa Mekkah 4,Ujian dakwah di Mekkah semakin berat.,Kesabaran adalah kunci.,Apa kesabaranmu hari ini?,Sirah Nabawiyah
45,Mekkah Akhir,Peristiwa Mekkah 5,Ujian dakwah di Mekkah semakin berat.,Kesabaran adalah kunci.,Apa kesabaranmu hari ini?,Sirah Nabawiyah
46,Mekkah Akhir,Peristiwa Mekkah 6,Ujian dakwah di Mekkah semakin berat.,Kesabaran adalah kunci.,Apa kesabaranmu hari ini?,Sirah Nabawiyah
47,Mekkah Akhir,Peristiwa Mekkah 7,Ujian dakwah di Mekkah semakin berat.,Kesabaran adalah kunci.,Apa kesabaranmu hari ini?,Sirah Nabawiyah
48,Mekkah Akhir,Peristiwa Mekkah 8,Ujian dakwah di Mekkah semakin berat.,Kesabaran adalah kunci.,Apa kesabaranmu hari ini?,Sirah Nabawiyah
49,Mekkah Akhir,Peristiwa Mekkah 9,Ujian dakwah di Mekkah semakin berat.,Kesabaran adalah kunci.,Apa kesabaranmu hari ini?,Sirah Nabawiyah
50,Mekkah Akhir,Peristiwa Mekkah 10,Ujian dakwah di Mekkah semakin berat.,Kesabaran adalah kunci.,Apa kesabaranmu hari ini?,Sirah Nabawiyah
51,Mekkah Akhir,Peristiwa Mekkah 11,Ujian dakwah di Mekkah semakin berat.,Kesabaran adalah kunci.,Apa kesabaranmu hari ini?,Sirah Nabawiyah
52,Mekkah Akhir,Peristiwa Mekkah 12,Ujian dakwah di Mekkah semakin berat.,Kesabaran adalah kunci.,Apa kesabaranmu hari ini?,Sirah Nabawiyah
53,Mekkah Akhir,Peristiwa Mekkah 13,Ujian dakwah di Mekkah semakin berat.,Kesabaran adalah kunci.,Apa kesabaranmu hari ini?,Sirah Nabawiyah
54,Mekkah Akhir,Peristiwa Mekkah 14,Ujian dakwah di Mekkah semakin berat.,Kesabaran adalah kunci.,Apa kesabaranmu hari ini?,Sirah Nabawiyah
55,Mekkah Akhir,Peristiwa Mekkah 15,Ujian dakwah di Mekkah semakin berat.,Kesabaran adalah kunci.,Apa kesabaranmu hari ini?,Sirah Nabawiyah
56,Mekkah Akhir,Peristiwa Mekkah 16,Ujian dakwah di Mekkah semakin berat.,Kesabaran adalah kunci.,Apa kesabaranmu hari ini?,Sirah Nabawiyah
57,Mekkah Akhir,Peristiwa Mekkah 17,Ujian dakwah di Mekkah semakin berat.,Kesabaran adalah kunci.,Apa kesabaranmu hari ini?,Sirah Nabawiyah
58,Mekkah Akhir,Peristiwa Mekkah 18,Ujian dakwah di Mekkah semakin berat.,Kesabaran adalah kunci.,Apa kesabaranmu hari ini?,Sirah Nabawiyah
59,Mekkah Akhir,Peristiwa Mekkah 19,Ujian dakwah di Mekkah semakin berat.,Kesabaran adalah kunci.,Apa kesabaranmu hari ini?,Sirah Nabawiyah
60,Mekkah Akhir,Peristiwa Mekkah 20,Ujian dakwah di Mekkah semakin berat.,Kesabaran adalah kunci.,Apa kesabaranmu hari ini?,Sirah Nabawiyah
61,Mekkah Akhir,Peristiwa Mekkah 21,Ujian dakwah di Mekkah semakin berat.,Kesabaran adalah kunci.,Apa kesabaranmu hari ini?,Sirah Nabawiyah
62,Mekkah Akhir,Peristiwa Mekkah 22,Ujian dakwah di Mekkah semakin berat.,Kesabaran adalah kunci.,Apa kesabaranmu hari ini?,Sirah Nabawiyah
63,Mekkah Akhir,Peristiwa Mekkah 23,Ujian dakwah di Mekkah semakin berat.,Kesabaran adalah kunci.,Apa kesabaranmu hari ini?,Sirah Nabawiyah
64,Mekkah Akhir,Peristiwa Mekkah 24,Ujian dakwah di Mekkah semakin berat.,Kesabaran adalah kunci.,Apa kesabaranmu hari ini?,Sirah Nabawiyah
65,Mekkah Akhir,Peristiwa Mekkah 25,Ujian dakwah di Mekkah semakin berat.,Kesabaran adalah kunci.,Apa kesabaranmu hari ini?,Sirah Nabawiyah
66,Mekkah Akhir,Peristiwa Mekkah 26,Ujian dakwah di Mekkah semakin berat.,Kesabaran adalah kunci.,Apa kesabaranmu hari ini?,Sirah Nabawiyah
67,Mekkah Akhir,Peristiwa Mekkah 27,Ujian dakwah di Mekkah semakin berat.,Kesabaran adalah kunci.,Apa kesabaranmu hari ini?,Sirah Nabawiyah
68,Mekkah Akhir,Peristiwa Mekkah 28,Ujian dakwah di Mekkah semakin berat.,Kesabaran adalah kunci.,Apa kesabaranmu hari ini?,Sirah Nabawiyah
69,Mekkah Akhir,Peristiwa Mekkah 29,Ujian dakwah di Mekkah semakin berat.,Kesabaran adalah kunci.,Apa kesabaranmu hari ini?,Sirah Nabawiyah
70,Mekkah Akhir,Peristiwa Mekkah 30,Ujian dakwah di Mekkah semakin berat.,Kesabaran adalah kunci.,Apa kesabaranmu hari ini?,Sirah Nabawiyah
71,Mekkah Akhir,Peristiwa Mekkah 31,Ujian dakwah di Mekkah semakin berat.,Kesabaran adalah kunci.,Apa kesabaranmu hari ini?,Sirah Nabawiyah
72,Mekkah Akhir,Peristiwa Mekkah 32,Ujian dakwah di Mekkah semakin berat.,Kesabaran adalah kunci.,Apa kesabaranmu hari ini?,Sirah Nabawiyah
73,Mekkah Akhir,Peristiwa Mekkah 33,Ujian dakwah di Mekkah semakin berat.,Kesabaran adalah kunci.,Apa kesabaranmu hari ini?,Sirah Nabawiyah
74,Mekkah Akhir,Peristiwa Mekkah 34,Ujian dakwah di Mekkah semakin berat.,Kesabaran adalah kunci.,Apa kesabaranmu hari ini?,Sirah Nabawiyah
75,Mekkah Akhir,Peristiwa Mekkah 35,Ujian dakwah di Mekkah semakin berat.,Kesabaran adalah kunci.,Apa kesabaranmu hari ini?,Sirah Nabawiyah
76,Mekkah Akhir,Peristiwa Mekkah 36,Ujian dakwah di Mekkah semakin berat.,Kesabaran adalah kunci.,Apa kesabaranmu hari ini?,Sirah Nabawiyah
77,Mekkah Akhir,Peristiwa Mekkah 37,Ujian dakwah di Mekkah semakin berat.,Kesabaran adalah kunci.,Apa kesabaranmu hari ini?,Sirah Nabawiyah
78,Mekkah Akhir,Peristiwa Mekkah 38,Ujian dakwah di Mekkah semakin berat.,Kesabaran adalah kunci.,Apa kesabaranmu hari ini?,Sirah Nabawiyah
79,Mekkah Akhir,Peristiwa Mekkah 39,Ujian dakwah di Mekkah semakin berat.,Kesabaran adalah kunci.,Apa kesabaranmu hari ini?,Sirah Nabawiyah
80,Mekkah Akhir,Peristiwa Mekkah 40,Ujian dakwah di Mekkah semakin berat.,Kesabaran adalah kunci.,Apa kesabaranmu hari ini?,Sirah Nabawiyah
81,Mekkah Akhir,Peristiwa Mekkah 41,Ujian dakwah di Mekkah semakin berat.,Kesabaran adalah kunci.,Apa kesabaranmu hari ini?,Sirah Nabawiyah
82,Mekkah Akhir,Peristiwa Mekkah 42,Ujian dakwah di Mekkah semakin berat.,Kesabaran adalah kunci.,Apa kesabaranmu hari ini?,Sirah Nabawiyah
83,Mekkah Akhir,Peristiwa Mekkah 43,Ujian dakwah di Mekkah semakin berat.,Kesabaran adalah kunci.,Apa kesabaranmu hari ini?,Sirah Nabawiyah
84,Mekkah Akhir,Peristiwa Mekkah 44,Ujian dakwah di Mekkah semakin berat.,Kesabaran adalah kunci.,Apa kesabaranmu hari ini?,Sirah Nabawiyah
85,Mekkah Akhir,Peristiwa Mekkah 45,Ujian dakwah di Mekkah semakin berat.,Kesabaran adalah kunci.,Apa kesabaranmu hari ini?,Sirah Nabawiyah
86,Mekkah Akhir,Peristiwa Mekkah 46,Ujian dakwah di Mekkah semakin berat.,Kesabaran adalah kunci.,Apa kesabaranmu hari ini?,Sirah Nabawiyah
87,Mekkah Akhir,Peristiwa Mekkah 47,Ujian dakwah di Mekkah semakin berat.,Kesabaran adalah kunci.,Apa kesabaranmu hari ini?,Sirah Nabawiyah
88,Mekkah Akhir,Peristiwa Mekkah 48,Ujian dakwah di Mekkah semakin berat.,Kesabaran adalah kunci.,Apa kesabaranmu hari ini?,Sirah Nabawiyah
89,Mekkah Akhir,Peristiwa Mekkah 49,Ujian dakwah di Mekkah semakin berat.,Kesabaran adalah kunci.,Apa kesabaranmu hari ini?,Sirah Nabawiyah
90,Mekkah Akhir,Peristiwa Mekkah 50,Ujian dakwah di Mekkah semakin berat.,Kesabaran adalah kunci.,Apa kesabaranmu hari ini?,Sirah Nabawiyah
91,Mekkah Akhir,Peristiwa Mekkah 51,Ujian dakwah di Mekkah semakin berat.,Kesabaran adalah kunci.,Apa kesabaranmu hari ini?,Sirah Nabawiyah
92,Mekkah Akhir,Peristiwa Mekkah 52,Ujian dakwah di Mekkah semakin berat.,Kesabaran adalah kunci.,Apa kesabaranmu hari ini?,Sirah Nabawiyah
93,Mekkah Akhir,Peristiwa Mekkah 53,Ujian dakwah di Mekkah semakin berat.,Kesabaran adalah kunci.,Apa kesabaranmu hari ini?,Sirah Nabawiyah
94,Mekkah Akhir,Peristiwa Mekkah 54,Ujian dakwah di Mekkah semakin berat.,Kesabaran adalah kunci.,Apa kesabaranmu hari ini?,Sirah Nabawiyah
95,Mekkah Akhir,Peristiwa Mekkah 55,Ujian dakwah di Mekkah semakin berat.,Kesabaran adalah kunci.,Apa kesabaranmu hari ini?,Sirah Nabawiyah
96,Mekkah Akhir,Peristiwa Mekkah 56,Ujian dakwah di Mekkah semakin berat.,Kesabaran adalah kunci.,Apa kesabaranmu hari ini?,Sirah Nabawiyah
97,Mekkah Akhir,Peristiwa Mekkah 57,Ujian dakwah di Mekkah semakin berat.,Kesabaran adalah kunci.,Apa kesabaranmu hari ini?,Sirah Nabawiyah
98,Mekkah Akhir,Peristiwa Mekkah 58,Ujian dakwah di Mekkah semakin berat.,Kesabaran adalah kunci.,Apa kesabaranmu hari ini?,Sirah Nabawiyah
99,Mekkah Akhir,Peristiwa Mekkah 59,Ujian dakwah di Mekkah semakin berat.,Kesabaran adalah kunci.,Apa kesabaranmu hari ini?,Sirah Nabawiyah
100,Mekkah Akhir,Peristiwa Mekkah 60,Ujian dakwah di Mekkah semakin berat.,Kesabaran adalah kunci.,Apa kesabaranmu hari ini?,Sirah Nabawiyah
101,Hijrah,Hijrah 1,Perjalanan hijrah penuh tantangan.,Perubahan butuh pengorbanan.,Apa yang ingin kamu tinggalkan?,Sirah Nabawiyah
102,Hijrah,Hijrah 2,Perjalanan hijrah penuh tantangan.,Perubahan butuh pengorbanan.,Apa yang ingin kamu tinggalkan?,Sirah Nabawiyah
103,Hijrah,Hijrah 3,Perjalanan hijrah penuh tantangan.,Perubahan butuh pengorbanan.,Apa yang ingin kamu tinggalkan?,Sirah Nabawiyah
104,Hijrah,Hijrah 4,Perjalanan hijrah penuh tantangan.,Perubahan butuh pengorbanan.,Apa yang ingin kamu tinggalkan?,Sirah Nabawiyah
105,Hijrah,Hijrah 5,Perjalanan hijrah penuh tantangan.,Perubahan butuh pengorbanan.,Apa yang ingin kamu tinggalkan?,Sirah Nabawiyah
106,Hijrah,Hijrah 6,Perjalanan hijrah penuh tantangan.,Perubahan butuh pengorbanan.,Apa yang ingin kamu tinggalkan?,Sirah Nabawiyah
107,Hijrah,Hijrah 7,Perjalanan hijrah penuh tantangan.,Perubahan butuh pengorbanan.,Apa yang ingin kamu tinggalkan?,Sirah Nabawiyah
108,Hijrah,Hijrah 8,Perjalanan hijrah penuh tantangan.,Perubahan butuh pengorbanan.,Apa yang ingin kamu tinggalkan?,Sirah Nabawiyah
109,Hijrah,Hijrah 9,Perjalanan hijrah penuh tantangan.,Perubahan butuh pengorbanan.,Apa yang ingin kamu tinggalkan?,Sirah Nabawiyah
110,Hijrah,Hijrah 10,Perjalanan hijrah penuh tantangan.,Perubahan butuh pengorbanan.,Apa yang ingin kamu tinggalkan?,Sirah Nabawiyah
111,Hijrah,Hijrah 11,Perjalanan hijrah penuh tantangan.,Perubahan butuh pengorbanan.,Apa yang ingin kamu tinggalkan?,Sirah Nabawiyah
112,Hijrah,Hijrah 12,Perjalanan hijrah penuh tantangan.,Perubahan butuh pengorbanan.,Apa yang ingin kamu tinggalkan?,Sirah Nabawiyah
113,Hijrah,Hijrah 13,Perjalanan hijrah penuh tantangan.,Perubahan butuh pengorbanan.,Apa yang ingin kamu tinggalkan?,Sirah Nabawiyah
114,Hijrah,Hijrah 14,Perjalanan hijrah penuh tantangan.,Perubahan butuh pengorbanan.,Apa yang ingin kamu tinggalkan?,Sirah Nabawiyah
115,Hijrah,Hijrah 15,Perjalanan hijrah penuh tantangan.,Perubahan butuh pengorbanan.,Apa yang ingin kamu tinggalkan?,Sirah Nabawiyah
116,Hijrah,Hijrah 16,Perjalanan hijrah penuh tantangan.,Perubahan butuh pengorbanan.,Apa yang ingin kamu tinggalkan?,Sirah Nabawiyah
117,Hijrah,Hijrah 17,Perjalanan hijrah penuh tantangan.,Perubahan butuh pengorbanan.,Apa yang ingin kamu tinggalkan?,Sirah Nabawiyah
118,Hijrah,Hijrah 18,Perjalanan hijrah penuh tantangan.,Perubahan butuh pengorbanan.,Apa yang ingin kamu tinggalkan?,Sirah Nabawiyah
119,Hijrah,Hijrah 19,Perjalanan hijrah penuh tantangan.,Perubahan butuh pengorbanan.,Apa yang ingin kamu tinggalkan?,Sirah Nabawiyah
120,Hijrah,Hijrah 20,Perjalanan hijrah penuh tantangan.,Perubahan butuh pengorbanan.,Apa yang ingin kamu tinggalkan?,Sirah Nabawiyah
121,Madinah,Peristiwa Madinah 1,Nabi ﷺ membangun masyarakat Madinah.,Kepemimpinan adalah amanah.,Apa tanggung jawabmu?,Sirah Nabawiyah
122,Madinah,Peristiwa Madinah 2,Nabi ﷺ membangun masyarakat Madinah.,Kepemimpinan adalah amanah.,Apa tanggung jawabmu?,Sirah Nabawiyah
123,Madinah,Peristiwa Madinah 3,Nabi ﷺ membangun masyarakat Madinah.,Kepemimpinan adalah amanah.,Apa tanggung jawabmu?,Sirah Nabawiyah
124,Madinah,Peristiwa Madinah 4,Nabi ﷺ membangun masyarakat Madinah.,Kepemimpinan adalah amanah.,Apa tanggung jawabmu?,Sirah Nabawiyah
125,Madinah,Peristiwa Madinah 5,Nabi ﷺ membangun masyarakat Madinah.,Kepemimpinan adalah amanah.,Apa tanggung jawabmu?,Sirah Nabawiyah
126,Madinah,Peristiwa Madinah 6,Nabi ﷺ membangun masyarakat Madinah.,Kepemimpinan adalah amanah.,Apa tanggung jawabmu?,Sirah Nabawiyah
127,Madinah,Peristiwa Madinah 7,Nabi ﷺ membangun masyarakat Madinah.,Kepemimpinan adalah amanah.,Apa tanggung jawabmu?,Sirah Nabawiyah
128,Madinah,Peristiwa Madinah 8,Nabi ﷺ membangun masyarakat Madinah.,Kepemimpinan adalah amanah.,Apa tanggung jawabmu?,Sirah Nabawiyah
129,Madinah,Peristiwa Madinah 9,Nabi ﷺ membangun masyarakat Madinah.,Kepemimpinan adalah amanah.,Apa tanggung jawabmu?,Sirah Nabawiyah
130,Madinah,Peristiwa Madinah 10,Nabi ﷺ membangun masyarakat Madinah.,Kepemimpinan adalah amanah.,Apa tanggung jawabmu?,Sirah Nabawiyah
131,Madinah,Peristiwa Madinah 11,Nabi ﷺ membangun masyarakat Madinah.,Kepemimpinan adalah amanah.,Apa tanggung jawabmu?,Sirah Nabawiyah
132,Madinah,Peristiwa Madinah 12,Nabi ﷺ membangun masyarakat Madinah.,Kepemimpinan adalah amanah.,Apa tanggung jawabmu?,Sirah Nabawiyah
133,Madinah,Peristiwa Madinah 13,Nabi ﷺ membangun masyarakat Madinah.,Kepemimpinan adalah amanah.,Apa tanggung jawabmu?,Sirah Nabawiyah
134,Madinah,Peristiwa Madinah 14,Nabi ﷺ membangun masyarakat Madinah.,Kepemimpinan adalah amanah.,Apa tanggung jawabmu?,Sirah Nabawiyah
135,Madinah,Peristiwa Madinah 15,Nabi ﷺ membangun masyarakat Madinah.,Kepemimpinan adalah amanah.,Apa tanggung jawabmu?,Sirah Nabawiyah
136,Madinah,Peristiwa Madinah 16,Nabi ﷺ membangun masyarakat Madinah.,Kepemimpinan adalah amanah.,Apa tanggung jawabmu?,Sirah Nabawiyah
137,Madinah,Peristiwa Madinah 17,Nabi ﷺ membangun masyarakat Madinah.,Kepemimpinan adalah amanah.,Apa tanggung jawabmu?,Sirah Nabawiyah
138,Madinah,Peristiwa Madinah 18,Nabi ﷺ membangun masyarakat Madinah.,Kepemimpinan adalah amanah.,Apa tanggung jawabmu?,Sirah Nabawiyah
139,Madinah,Peristiwa Madinah 19,Nabi ﷺ membangun masyarakat Madinah.,Kepemimpinan adalah amanah.,Apa tanggung jawabmu?,Sirah Nabawiyah
140,Madinah,Peristiwa Madinah 20,Nabi ﷺ membangun masyarakat Madinah.,Kepemimpinan adalah amanah.,Apa tanggung jawabmu?,Sirah Nabawiyah
141,Madinah,Peristiwa Madinah 21,Nabi ﷺ membangun masyarakat Madinah.,Kepemimpinan adalah amanah.,Apa tanggung jawabmu?,Sirah Nabawiyah
142,Madinah,Peristiwa Madinah 22,Nabi ﷺ membangun masyarakat Madinah.,Kepemimpinan adalah amanah.,Apa tanggung jawabmu?,Sirah Nabawiyah
143,Madinah,Peristiwa Madinah 23,Nabi ﷺ membangun masyarakat Madinah.,Kepemimpinan adalah amanah.,Apa tanggung jawabmu?,Sirah Nabawiyah
144,Madinah,Peristiwa Madinah 24,Nabi ﷺ membangun masyarakat Madinah.,Kepemimpinan adalah amanah.,Apa tanggung jawabmu?,Sirah Nabawiyah
145,Madinah,Peristiwa Madinah 25,Nabi ﷺ membangun masyarakat Madinah.,Kepemimpinan adalah amanah.,Apa tanggung jawabmu?,Sirah Nabawiyah
146,Madinah,Peristiwa Madinah 26,Nabi ﷺ membangun masyarakat Madinah.,Kepemimpinan adalah amanah.,Apa tanggung jawabmu?,Sirah Nabawiyah
147,Madinah,Peristiwa Madinah 27,Nabi ﷺ membangun masyarakat Madinah.,Kepemimpinan adalah amanah.,Apa tanggung jawabmu?,Sirah Nabawiyah
148,Madinah,Peristiwa Madinah 28,Nabi ﷺ membangun masyarakat Madinah.,Kepemimpinan adalah amanah.,Apa tanggung jawabmu?,Sirah Nabawiyah
149,Madinah,Peristiwa Madinah 29,Nabi ﷺ membangun masyarakat Madinah.,Kepemimpinan adalah amanah.,Apa tanggung jawabmu?,Sirah Nabawiyah
150,Madinah,Peristiwa Madinah 30,Nabi ﷺ membangun masyarakat Madinah.,Kepemimpinan adalah amanah.,Apa tanggung jawabmu?,Sirah Nabawiyah
151,Madinah,Peristiwa Madinah 31,Nabi ﷺ membangun masyarakat Madinah.,Kepemimpinan adalah amanah.,Apa tanggung jawabmu?,Sirah Nabawiyah
152,Madinah,Peristiwa Madinah 32,Nabi ﷺ membangun masyarakat Madinah.,Kepemimpinan adalah amanah.,Apa tanggung jawabmu?,Sirah Nabawiyah
153,Madinah,Peristiwa Madinah 33,Nabi ﷺ membangun masyarakat Madinah.,Kepemimpinan adalah amanah.,Apa tanggung jawabmu?,Sirah Nabawiyah
154,Madinah,Peristiwa Madinah 34,Nabi ﷺ membangun masyarakat Madinah.,Kepemimpinan adalah amanah.,Apa tanggung jawabmu?,Sirah Nabawiyah
155,Madinah,Peristiwa Madinah 35,Nabi ﷺ membangun masyarakat Madinah.,Kepemimpinan adalah amanah.,Apa tanggung jawabmu?,Sirah Nabawiyah
156,Madinah,Peristiwa Madinah 36,Nabi ﷺ membangun masyarakat Madinah.,Kepemimpinan adalah amanah.,Apa tanggung jawabmu?,Sirah Nabawiyah
157,Madinah,Peristiwa Madinah 37,Nabi ﷺ membangun masyarakat Madinah.,Kepemimpinan adalah amanah.,Apa tanggung jawabmu?,Sirah Nabawiyah
158,Madinah,Peristiwa Madinah 38,Nabi ﷺ membangun masyarakat Madinah.,Kepemimpinan adalah amanah.,Apa tanggung jawabmu?,Sirah Nabawiyah
159,Madinah,Peristiwa Madinah 39,Nabi ﷺ membangun masyarakat Madinah.,Kepemimpinan adalah amanah.,Apa tanggung jawabmu?,Sirah Nabawiyah
160,Madinah,Peristiwa Madinah 40,Nabi ﷺ membangun masyarakat Madinah.,Kepemimpinan adalah amanah.,Apa tanggung jawabmu?,Sirah Nabawiyah
161,Madinah,Peristiwa Madinah 41,Nabi ﷺ membangun masyarakat Madinah.,Kepemimpinan adalah amanah.,Apa tanggung jawabmu?,Sirah Nabawiyah
162,Madinah,Peristiwa Madinah 42,Nabi ﷺ membangun masyarakat Madinah.,Kepemimpinan adalah amanah.,Apa tanggung jawabmu?,Sirah Nabawiyah
163,Madinah,Peristiwa Madinah 43,Nabi ﷺ membangun masyarakat Madinah.,Kepemimpinan adalah amanah.,Apa tanggung jawabmu?,Sirah Nabawiyah
164,Madinah,Peristiwa Madinah 44,Nabi ﷺ membangun masyarakat Madinah.,Kepemimpinan adalah amanah.,Apa tanggung jawabmu?,Sirah Nabawiyah
165,Madinah,Peristiwa Madinah 45,Nabi ﷺ membangun masyarakat Madinah.,Kepemimpinan adalah amanah.,Apa tanggung jawabmu?,Sirah Nabawiyah
166,Madinah,Peristiwa Madinah 46,Nabi ﷺ membangun masyarakat Madinah.,Kepemimpinan adalah amanah.,Apa tanggung jawabmu?,Sirah Nabawiyah
167,Madinah,Peristiwa Madinah 47,Nabi ﷺ membangun masyarakat Madinah.,Kepemimpinan adalah amanah.,Apa tanggung jawabmu?,Sirah Nabawiyah
168,Madinah,Peristiwa Madinah 48,Nabi ﷺ membangun masyarakat Madinah.,Kepemimpinan adalah amanah.,Apa tanggung jawabmu?,Sirah Nabawiyah
169,Madinah,Peristiwa Madinah 49,Nabi ﷺ membangun masyarakat Madinah.,Kepemimpinan adalah amanah.,Apa tanggung jawabmu?,Sirah Nabawiyah
170,Madinah,Peristiwa Madinah 50,Nabi ﷺ membangun masyarakat Madinah.,Kepemimpinan adalah amanah.,Apa tanggung jawabmu?,Sirah Nabawiyah
171,Madinah,Peristiwa Madinah 51,Nabi ﷺ membangun masyarakat Madinah.,Kepemimpinan adalah amanah.,Apa tanggung jawabmu?,Sirah Nabawiyah
172,Madinah,Peristiwa Madinah 52,Nabi ﷺ membangun masyarakat Madinah.,Kepemimpinan adalah amanah.,Apa tanggung jawabmu?,Sirah Nabawiyah
173,Madinah,Peristiwa Madinah 53,Nabi ﷺ membangun masyarakat Madinah.,Kepemimpinan adalah amanah.,Apa tanggung jawabmu?,Sirah Nabawiyah
174,Madinah,Peristiwa Madinah 54,Nabi ﷺ membangun masyarakat Madinah.,Kepemimpinan adalah amanah.,Apa tanggung jawabmu?,Sirah Nabawiyah
175,Madinah,Peristiwa Madinah 55,Nabi ﷺ membangun masyarakat Madinah.,Kepemimpinan adalah amanah.,Apa tanggung jawabmu?,Sirah Nabawiyah
176,Madinah,Peristiwa Madinah 56,Nabi ﷺ membangun masyarakat Madinah.,Kepemimpinan adalah amanah.,Apa tanggung jawabmu?,Sirah Nabawiyah
177,Madinah,Peristiwa Madinah 57,Nabi ﷺ membangun masyarakat Madinah.,Kepemimpinan adalah amanah.,Apa tanggung jawabmu?,Sirah Nabawiyah
178,Madinah,Peristiwa Madinah 58,Nabi ﷺ membangun masyarakat Madinah.,Kepemimpinan adalah amanah.,Apa tanggung jawabmu?,Sirah Nabawiyah
179,Madinah,Peristiwa Madinah 59,Nabi ﷺ membangun masyarakat Madinah.,Kepemimpinan adalah amanah.,Apa tanggung jawabmu?,Sirah Nabawiyah
180,Madinah,Peristiwa Madinah 60,Nabi ﷺ membangun masyarakat Madinah.,Kepemimpinan adalah amanah.,Apa tanggung jawabmu?,Sirah Nabawiyah
181,Akhir Kehidupan,Akhir kehidupan 1,Nabi ﷺ menyempurnakan risalah Islam.,Warisan terbesar adalah petunjuk hidup.,Apa warisanmu?,Sirah Nabawiyah
182,Akhir Kehidupan,Akhir kehidupan 2,Nabi ﷺ menyempurnakan risalah Islam.,Warisan terbesar adalah petunjuk hidup.,Apa warisanmu?,Sirah Nabawiyah
183,Akhir Kehidupan,Akhir kehidupan 3,Nabi ﷺ menyempurnakan risalah Islam.,Warisan terbesar adalah petunjuk hidup.,Apa warisanmu?,Sirah Nabawiyah
184,Akhir Kehidupan,Akhir kehidupan 4,Nabi ﷺ menyempurnakan risalah Islam.,Warisan terbesar adalah petunjuk hidup.,Apa warisanmu?,Sirah Nabawiyah
185,Akhir Kehidupan,Akhir kehidupan 5,Nabi ﷺ menyempurnakan risalah Islam.,Warisan terbesar adalah petunjuk hidup.,Apa warisanmu?,Sirah Nabawiyah
186,Akhir Kehidupan,Akhir kehidupan 6,Nabi ﷺ menyempurnakan risalah Islam.,Warisan terbesar adalah petunjuk hidup.,Apa warisanmu?,Sirah Nabawiyah
187,Akhir Kehidupan,Akhir kehidupan 7,Nabi ﷺ menyempurnakan risalah Islam.,Warisan terbesar adalah petunjuk hidup.,Apa warisanmu?,Sirah Nabawiyah
188,Akhir Kehidupan,Akhir kehidupan 8,Nabi ﷺ menyempurnakan risalah Islam.,Warisan terbesar adalah petunjuk hidup.,Apa warisanmu?,Sirah Nabawiyah
189,Akhir Kehidupan,Akhir kehidupan 9,Nabi ﷺ menyempurnakan risalah Islam.,Warisan terbesar adalah petunjuk hidup.,Apa warisanmu?,Sirah Nabawiyah
190,Akhir Kehidupan,Akhir kehidupan 10,Nabi ﷺ menyempurnakan risalah Islam.,Warisan terbesar adalah petunjuk hidup.,Apa warisanmu?,Sirah Nabawiyah
191,Akhir Kehidupan,Akhir kehidupan 11,Nabi ﷺ menyempurnakan risalah Islam.,Warisan terbesar adalah petunjuk hidup.,Apa warisanmu?,Sirah Nabawiyah
192,Akhir Kehidupan,Akhir kehidupan 12,Nabi ﷺ menyempurnakan risalah Islam.,Warisan terbesar adalah petunjuk hidup.,Apa warisanmu?,Sirah Nabawiyah
193,Akhir Kehidupan,Akhir kehidupan 13,Nabi ﷺ menyempurnakan risalah Islam.,Warisan terbesar adalah petunjuk hidup.,Apa warisanmu?,Sirah Nabawiyah
194,Akhir Kehidupan,Akhir kehidupan 14,Nabi ﷺ menyempurnakan risalah Islam.,Warisan terbesar adalah petunjuk hidup.,Apa warisanmu?,Sirah Nabawiyah
195,Akhir Kehidupan,Akhir kehidupan 15,Nabi ﷺ menyempurnakan risalah Islam.,Warisan terbesar adalah petunjuk hidup.,Apa warisanmu?,Sirah Nabawiyah
196,Akhir Kehidupan,Akhir kehidupan 16,Nabi ﷺ menyempurnakan risalah Islam.,Warisan terbesar adalah petunjuk hidup.,Apa warisanmu?,Sirah Nabawiyah
197,Akhir Kehidupan,Akhir kehidupan 17,Nabi ﷺ menyempurnakan risalah Islam.,Warisan terbesar adalah petunjuk hidup.,Apa warisanmu?,Sirah Nabawiyah
198,Akhir Kehidupan,Akhir kehidupan 18,Nabi ﷺ menyempurnakan risalah Islam.,Warisan terbesar adalah petunjuk hidup.,Apa warisanmu?,Sirah Nabawiyah
199,Akhir Kehidupan,Akhir kehidupan 19,Nabi ﷺ menyempurnakan risalah Islam.,Warisan terbesar adalah petunjuk hidup.,Apa warisanmu?,Sirah Nabawiyah
200,Akhir Kehidupan,Akhir kehidupan 20,Nabi ﷺ menyempurnakan risalah Islam.,Warisan terbesar adalah petunjuk hidup.,Apa warisanmu?,Sirah Nabawiyah
